<?xml version="1.0" encoding="utf-8"?>
<hookexport>
  <hookdata>
    <config>
      <hook_name>SEOClerks Signature</hook_name>
      <hook_desc>Inserts the SEOClerks ad in the signatures which are empty</hook_desc>
      <hook_author>Aayush Ranaut</hook_author>
      <hook_email>aayush.ranaut@gmail.com</hook_email>
      <hook_website>http://liquidserve.com/</hook_website>
      <hook_update_check/>
      <hook_requirements><![CDATA[a:3:{s:21:"required_applications";a:0:{}s:20:"hook_php_version_min";s:0:"";s:20:"hook_php_version_max";s:0:"";}]]></hook_requirements>
      <hook_version_human>1.0.0</hook_version_human>
      <hook_version_long>10000</hook_version_long>
      <hook_extra_data><![CDATA[a:2:{s:7:"display";a:1:{s:8:"settings";s:25:"Setting groups: SEOClerks";}s:13:"settingGroups";a:1:{i:0;s:18:"seoclerks_settings";}}]]></hook_extra_data>
      <hook_key>seoclerks_signature</hook_key>
      <hook_global_caches/>
    </config>
  </hookdata>
  <hookfiles>
    <file>
      <hook_file_real>seoclerks_signature.php</hook_file_real>
      <hook_type>templateHooks</hook_type>
      <hook_classname>seoclerks_sig</hook_classname>
      <hook_data><![CDATA[a:8:{s:12:"dataLocation";s:0:"";s:14:"libApplication";s:0:"";s:15:"classToOverload";s:0:"";s:9:"skinGroup";s:10:"skin_topic";s:12:"skinFunction";s:4:"post";s:4:"type";s:2:"if";s:2:"id";s:13:"postSignature";s:8:"position";s:9:"post.else";}]]></hook_data>
      <hooks_source><![CDATA[<?php
/*
Plugin name: SEOClerks Ads
Plugin URI: http://seoclerks.com/
Description: A plugin which insert seoclerks ads in the empty signature and displays a sidebar widget
Author: Aayush Ranaut
Author URI: http://liquidserve.com/
Email: aayush.ranaut@gmail.com
Version: 1.0
*/
	class seoclerks_sig
	{
		protected $registry;

		/**
		 * Constructor
		 *
		 * @return	@e void
		 */
		public function __construct()
		{
			$this->registry	= ipsRegistry::instance();
			$this->settings =& $this->registry->fetchSettings();
		}
		//Just a useless required function
		public function getOutput()
		{

		}
		
		public function replaceOutput( $output, $key )
		{

			$tag	= '<!--hook.' . $key . '-->';
			$last	= 0;

				foreach( $this->registry->output->getTemplate('topic')->functionData['post'] as $_post )
				{
					$pos	= strpos( $output, $tag, $last );
	
					if( $pos AND !$_post['post']['post']['_isDeleted'] AND !$_post['topic']['_isArchived'] )
					{
						$pid	= $_post['post']['post']['pid'];
						$script = "<script type=\"text/javascript\">
						jQuery.noConflict();
						jQuery(document).ready(function(){
							var url = '".$this->settings['board_url']."/public/load_data.php?s=". $this->settings['search']."&aff=".$this->settings['affiliate_id']."&by=".$this->settings['username']."&p=". $this->settings['price']."&c=".$this->settings['category'] ."&ul=" .$this->settings['user_level']. "&g=" .$this->settings['guaranteed']."&sub=" .$this->settings['subscription']."&os=" .$this->settings['on_sale']."&sp=" .$this->settings['staff']."';
							jQuery.get(url, function(data) {
			               		jQuery('#ad_".$_post['post']['post']['pid']."').html(data);
			               	});
						});
						</script>";
						//Warning Hardcoded HTML
						$html = "<div class=\"signature\" id=\"ad_".$_post['post']['post']['pid']."\"></div>";
						$string	= $html.$script;
						$output	= substr_replace( $output, $string . $tag, $pos, strlen( $tag ) );
						$last	= $pos + strlen( $tag . $string );
					}
				}

			return $output;
		}
	}

?>]]></hooks_source>
    </file>
    <file>
      <hook_file_real>seoclerks_jquery.php</hook_file_real>
      <hook_type>templateHooks</hook_type>
      <hook_classname>seoclerks_jquery</hook_classname>
      <hook_data><![CDATA[a:8:{s:12:"dataLocation";s:0:"";s:14:"libApplication";s:0:"";s:15:"classToOverload";s:0:"";s:9:"skinGroup";s:11:"skin_global";s:12:"skinFunction";s:9:"includeJS";s:4:"type";s:2:"if";s:2:"id";s:8:"minifyjs";s:8:"position";s:11:"pre.startif";}]]></hook_data>
      <hooks_source><![CDATA[<?php
/*
Plugin name: SEOClerks Ads
Plugin URI: http://seoclerks.com/
Description: A plugin which insert seoclerks ads in the empty signature and displays a sidebar widget
Author: Aayush Ranaut
Author URI: http://liquidserve.com/
Email: aayush.ranaut@gmail.com
Version: 1.0
*/
	class seoclerks_jquery
	{
		protected $registry;

		/**
		 * Constructor
		 *
		 * @return	@e void
		 */
		public function __construct()
		{
			$this->registry	= ipsRegistry::instance();
		}
		//Adds the jQuery source to the header so that jQuery functions work.
		public function getOutput()
		{
			return '<script src="http://ajax.googleapis.com/ajax/libs/jquery/1.9.1/jquery.min.js"></script>';
		}
	}	
?>]]></hooks_source>
    </file>
  </hookfiles>
  <hookextras_settings>
    <setting>
      <conf_is_title>1</conf_is_title>
      <conf_title_title>SEOClerks</conf_title_title>
      <conf_title_desc>All the settings for the API</conf_title_desc>
      <conf_title_noshow>0</conf_title_noshow>
      <conf_title_keyword>seoclerks_settings</conf_title_keyword>
      <conf_title_app>core</conf_title_app>
      <conf_title_tab>SEOClerks Settings</conf_title_tab>
    </setting>
    <setting>
      <conf_id>367</conf_id>
      <conf_title>Affiliate ID</conf_title>
      <conf_description>Your affiliate ID</conf_description>
      <conf_group>39</conf_group>
      <conf_type>input</conf_type>
      <conf_key>affiliate_id</conf_key>
      <conf_value/>
      <conf_default/>
      <conf_extra/>
      <conf_evalphp/>
      <conf_protected>1</conf_protected>
      <conf_position>1</conf_position>
      <conf_start_group/>
      <conf_add_cache>1</conf_add_cache>
      <conf_keywords/>
      <conf_title_keyword>seoclerks_settings</conf_title_keyword>
      <conf_is_title>0</conf_is_title>
    </setting>
    <setting>
      <conf_id>371</conf_id>
      <conf_title>Category</conf_title>
      <conf_description>Select a specific category if you want services from one specific category only</conf_description>
      <conf_group>39</conf_group>
      <conf_type>dropdown</conf_type>
      <conf_key>category</conf_key>
      <conf_value/>
      <conf_default>0</conf_default>
      <conf_extra><![CDATA[0=Any Category
15=Article Translating
16=Article Writing
66=Audio & Music
18=Blackhat/Bulk Links
47=Blog Comments
50=Link Pyramids
33=Link Wheel
57=Lists
38=SEnuke X
49=Wiki Links
70=XRumer
20=Blogs
59=Body Ads
51=Data Entry
42=Design
19=Forums
36=Forum Posts
31=Signature Links
64=Graphics
17=Link Building
30=Site Link Sales
21=Other
63=Gaming
67=Press Release
29=Programming
35=Proxies
68=Question/Answer
69=Yahoo Answers
62=Reports & Whitepapers
24=Servers
23=Social Networks
39=Facebook Fans/Likes
40=Google +1
55=Instagram
44=Pinterest
56=Reverbnation
48=Social Bookmarks
54=SoundCloud
34=Twitter Followers
53=Youtube
37=Traffic
46=Video
22=Web 2.0
61=Hubpage
60=Squidoo
25=Webhosting
52=Cloud Hosting
27=Dedicated
26=VPS]]></conf_extra>
      <conf_evalphp/>
      <conf_protected>1</conf_protected>
      <conf_position>5</conf_position>
      <conf_start_group/>
      <conf_add_cache>1</conf_add_cache>
      <conf_keywords/>
      <conf_title_keyword>seoclerks_settings</conf_title_keyword>
      <conf_is_title>0</conf_is_title>
    </setting>
    <setting>
      <conf_id>373</conf_id>
      <conf_title>Guaranteed Only</conf_title>
      <conf_description>Only select services that are guaranteed</conf_description>
      <conf_group>39</conf_group>
      <conf_type>yes_no</conf_type>
      <conf_key>guaranteed</conf_key>
      <conf_value/>
      <conf_default>0</conf_default>
      <conf_extra/>
      <conf_evalphp/>
      <conf_protected>1</conf_protected>
      <conf_position>7</conf_position>
      <conf_start_group/>
      <conf_add_cache>1</conf_add_cache>
      <conf_keywords/>
      <conf_title_keyword>seoclerks_settings</conf_title_keyword>
      <conf_is_title>0</conf_is_title>
    </setting>
    <setting>
      <conf_id>375</conf_id>
      <conf_title>On Sale Only</conf_title>
      <conf_description>Only select services that are currently on sale</conf_description>
      <conf_group>39</conf_group>
      <conf_type>yes_no</conf_type>
      <conf_key>on_sale</conf_key>
      <conf_value/>
      <conf_default>0</conf_default>
      <conf_extra/>
      <conf_evalphp/>
      <conf_protected>1</conf_protected>
      <conf_position>9</conf_position>
      <conf_start_group/>
      <conf_add_cache>1</conf_add_cache>
      <conf_keywords/>
      <conf_title_keyword>seoclerks_settings</conf_title_keyword>
      <conf_is_title>0</conf_is_title>
    </setting>
    <setting>
      <conf_id>370</conf_id>
      <conf_title>Maximum Price</conf_title>
      <conf_description>The maximum price a service can be listed for, must be a whole number</conf_description>
      <conf_group>39</conf_group>
      <conf_type>input</conf_type>
      <conf_key>price</conf_key>
      <conf_value/>
      <conf_default/>
      <conf_extra/>
      <conf_evalphp/>
      <conf_protected>1</conf_protected>
      <conf_position>4</conf_position>
      <conf_start_group/>
      <conf_add_cache>1</conf_add_cache>
      <conf_keywords/>
      <conf_title_keyword>seoclerks_settings</conf_title_keyword>
      <conf_is_title>0</conf_is_title>
    </setting>
    <setting>
      <conf_id>368</conf_id>
      <conf_title>Search Term</conf_title>
      <conf_description>Enter a specific term to search for. Will cause the API to search service titles for this term only</conf_description>
      <conf_group>39</conf_group>
      <conf_type>input</conf_type>
      <conf_key>search</conf_key>
      <conf_value/>
      <conf_default/>
      <conf_extra/>
      <conf_evalphp/>
      <conf_protected>1</conf_protected>
      <conf_position>2</conf_position>
      <conf_start_group/>
      <conf_add_cache>1</conf_add_cache>
      <conf_keywords/>
      <conf_title_keyword>seoclerks_settings</conf_title_keyword>
      <conf_is_title>0</conf_is_title>
    </setting>
    <setting>
      <conf_id>376</conf_id>
      <conf_title>Staff Certified Only</conf_title>
      <conf_description>Only select services that are staff certified</conf_description>
      <conf_group>39</conf_group>
      <conf_type>yes_no</conf_type>
      <conf_key>staff</conf_key>
      <conf_value/>
      <conf_default>0</conf_default>
      <conf_extra/>
      <conf_evalphp/>
      <conf_protected>1</conf_protected>
      <conf_position>10</conf_position>
      <conf_start_group/>
      <conf_add_cache>1</conf_add_cache>
      <conf_keywords/>
      <conf_title_keyword>seoclerks_settings</conf_title_keyword>
      <conf_is_title>0</conf_is_title>
    </setting>
    <setting>
      <conf_id>374</conf_id>
      <conf_title>Subscription Only</conf_title>
      <conf_description>Only select services that are subscription services</conf_description>
      <conf_group>39</conf_group>
      <conf_type>yes_no</conf_type>
      <conf_key>subscription</conf_key>
      <conf_value/>
      <conf_default>0</conf_default>
      <conf_extra/>
      <conf_evalphp/>
      <conf_protected>1</conf_protected>
      <conf_position>8</conf_position>
      <conf_start_group/>
      <conf_add_cache>1</conf_add_cache>
      <conf_keywords/>
      <conf_title_keyword>seoclerks_settings</conf_title_keyword>
      <conf_is_title>0</conf_is_title>
    </setting>
    <setting>
      <conf_id>369</conf_id>
      <conf_title>Seller Username</conf_title>
      <conf_description>Enter a specific seller username, only services by this seller will be selected</conf_description>
      <conf_group>39</conf_group>
      <conf_type>input</conf_type>
      <conf_key>username</conf_key>
      <conf_value/>
      <conf_default/>
      <conf_extra/>
      <conf_evalphp/>
      <conf_protected>1</conf_protected>
      <conf_position>3</conf_position>
      <conf_start_group/>
      <conf_add_cache>1</conf_add_cache>
      <conf_keywords/>
      <conf_title_keyword>seoclerks_settings</conf_title_keyword>
      <conf_is_title>0</conf_is_title>
    </setting>
    <setting>
      <conf_id>372</conf_id>
      <conf_title>User Level</conf_title>
      <conf_description>Select the minimum User Level a seller must have in order to be selected</conf_description>
      <conf_group>39</conf_group>
      <conf_type>dropdown</conf_type>
      <conf_key>user_level</conf_key>
      <conf_value/>
      <conf_default>1</conf_default>
      <conf_extra>1=1&#13;
2=2&#13;
3=3&#13;
4=X</conf_extra>
      <conf_evalphp/>
      <conf_protected>1</conf_protected>
      <conf_position>6</conf_position>
      <conf_start_group/>
      <conf_add_cache>1</conf_add_cache>
      <conf_keywords/>
      <conf_title_keyword>seoclerks_settings</conf_title_keyword>
      <conf_is_title>0</conf_is_title>
    </setting>
  </hookextras_settings>
  <hookextras_language/>
  <hookextras_modules/>
  <hookextras_help/>
  <hookextras_templates/>
  <hookextras_css/>
  <hookextras_replacements/>
  <hookextras_tasks/>
  <hookextras_database_create/>
  <hookextras_database_alter/>
  <hookextras_database_update/>
  <hookextras_database_insert/>
</hookexport>
